2021-01-29 05:46:40+07, Work Done!
2021-01-29 05:46:40+07, Break Done!
2021-01-29 05:46:48+07, Work Done!
2021-01-29 05:46:48+07, Break Done!
2021-01-29 05:46:58+07, Work Done!
2021-01-29 05:46:59+07, Break Done!
2021-01-29 05:47:06+07, Long Break Done!
2021-01-29 05:51:18+07, Work Done!
2021-01-29 05:51:19+07, Break Done!
2021-01-29 05:51:23+07, Work Done!
2021-01-29 05:51:25+07, Break Done!
2021-01-29 05:51:30+07, Work Done!
2021-01-29 05:51:30+07, Break Done!
2021-01-29 05:51:37+07, Long Break Done!
